{"cameraMode":{"drawMode":0,"name":"Shaded","section":"Shading Mode"},"sceneLighting":false,"audioPlay":false,"sceneViewState":{"showFog":true,"showMaterialUpdate":true,"showSkybox":false,"showFlares":true,"showImageEffects":true,"showParticleSystems":true},"in2DMode":false,"pivot":{"x":5.904669761657715,"y":5.420055389404297,"z":2.701469898223877},"rotation":{"x":0.18028858304023744,"y":-0.7777217030525208,"z":0.25759002566337588,"w":0.5444939732551575},"size":0.979874849319458,"orthographic":false}