{"cameraMode":{"drawMode":0,"name":"Shaded","section":"Shading Mode"},"sceneLighting":false,"audioPlay":false,"sceneViewState":{"showFog":false,"showMaterialUpdate":false,"showSkybox":false,"showFlares":false,"showImageEffects":false,"showParticleSystems":false},"in2DMode":false,"pivot":{"x":6.659298896789551,"y":7.275111198425293,"z":4.0559916496276859},"rotation":{"x":0.1881812959909439,"y":-0.7575708627700806,"z":0.24833622574806214,"w":0.5738357305526733},"size":4.193673610687256,"orthographic":false}