{"cameraMode":{"drawMode":0,"name":"Shaded","section":"Shading Mode"},"sceneLighting":true,"audioPlay":false,"sceneViewState":{"showFog":false,"showMaterialUpdate":false,"showSkybox":false,"showFlares":false,"showImageEffects":false,"showParticleSystems":false},"in2DMode":false,"pivot":{"x":164.5269012451172,"y":59.173973083496097,"z":84.83060455322266},"rotation":{"x":0.13881516456604005,"y":-0.7249218821525574,"z":0.152070552110672,"w":0.6578672528266907},"size":5.217319488525391,"orthographic":false}