{"cameraMode":{"drawMode":0,"name":"Shaded","section":"Shading Mode"},"sceneLighting":false,"audioPlay":false,"sceneViewState":{"showFog":true,"showMaterialUpdate":true,"showSkybox":false,"showFlares":true,"showImageEffects":true,"showParticleSystems":true},"in2DMode":false,"pivot":{"x":4.849419593811035,"y":3.2347970008850099,"z":-1.1381757259368897},"rotation":{"x":-0.279275506734848,"y":0.24206922948360444,"z":-0.07302872091531754,"w":-0.9264037013053894},"size":6.908079624176025,"orthographic":false}